Subject ID,Age,Age in Months,Gender,Race,Included,Condition,Session,SNR,Trial,Response,Correct Answer,Accuracy,Experimenter,Trial_Notes,,,
P010,5,65,Female,White,Yes,IP,C1,5,1,3,3,1,RW,,,,
P010,5,65,Female,White,Yes,IP,C1,5,2,1,1,1,RW,,,,
P010,5,65,Female,White,Yes,IP,C1,5,3,3,3,1,RW,,,,
P010,5,65,Female,White,Yes,IP,C1,5,4,2,2,1,RW,,,,
P010,5,65,Female,White,Yes,IP,C1,5,5,4,4,1,RW,,,,
P010,5,65,Female,White,Yes,IP,C1,5,6,1,1,1,RW,,,,
P010,5,65,Female,White,Yes,IP,C1,5,7,2,2,1,RW,,,,
P010,5,65,Female,White,Yes,IP,C1,5,8,1,4,0,RW,,,,
P010,5,65,Female,White,Yes,IP,C1,5,9,2,2,1,RW,,,,
P010,5,65,Female,White,Yes,IP,C1,5,10,4,4,1,RW,,,,
P010,5,65,Female,White,Yes,IP,C1,5,11,3,3,1,RW,,,,
P010,5,65,Female,White,Yes,IP,C1,5,12,1,1,1,RW,,,,
P011,5,62,Female,Multi,Yes,IP,C2,5,1,3,3,1,RW,,,,
P011,5,62,Female,Multi,Yes,IP,C2,5,2,4,4,1,RW,,,,
P011,5,62,Female,Multi,Yes,IP,C2,5,3,2,2,1,RW,,,,
P011,5,62,Female,Multi,Yes,IP,C2,5,4,3,3,1,RW,,,,
P011,5,62,Female,Multi,Yes,IP,C2,5,5,2,1,0,RW,,,,
P011,5,62,Female,Multi,Yes,IP,C2,5,6,4,4,1,RW,,,,
P011,5,62,Female,Multi,Yes,IP,C2,5,7,2,2,1,RW,,,,
P011,5,62,Female,Multi,Yes,IP,C2,5,8,1,1,1,RW,,,,
P011,5,62,Female,Multi,Yes,IP,C2,5,9,2,2,1,RW,,,,
P011,5,62,Female,Multi,Yes,IP,C2,5,10,4,4,1,RW,,,,
P011,5,62,Female,Multi,Yes,IP,C2,5,11,1,1,1,RW,,,,
P011,5,62,Female,Multi,Yes,IP,C2,5,12,3,3,1,RW,,,,
P012,4,52,Male,Asian,Yes,IP,C3,5,1,4,4,1,RW,,,,
P012,4,52,Male,Asian,Yes,IP,C3,5,2,0,3,0,RW,,,,
P012,4,52,Male,Asian,Yes,IP,C3,5,3,1,1,1,RW,,,,
P012,4,52,Male,Asian,Yes,IP,C3,5,4,3,3,1,RW,,,,
P012,4,52,Male,Asian,Yes,IP,C3,5,5,2,2,1,RW,,,,
P012,4,52,Male,Asian,Yes,IP,C3,5,6,4,4,1,RW,,,,
P012,4,52,Male,Asian,Yes,IP,C3,5,7,1,1,1,RW,,,,
P012,4,52,Male,Asian,Yes,IP,C3,5,8,0,2,0,RW,,,,
P012,4,52,Male,Asian,Yes,IP,C3,5,9,0,1,0,RW,,,,
P012,4,52,Male,Asian,Yes,IP,C3,5,10,3,3,1,RW,,,,
P012,4,52,Male,Asian,Yes,IP,C3,5,11,2,2,1,RW,,,,
P012,4,52,Male,Asian,Yes,IP,C3,5,12,4,4,1,RW,,,,
P013,4,50,Female,White,No,IP,C4,5,1,3,3,1,RW,,,,
P013,4,50,Female,White,No,IP,C4,5,2,2,2,1,RW,,,,
P013,4,50,Female,White,No,IP,C4,5,3,1,1,1,RW,,,,
P013,4,50,Female,White,No,IP,C4,5,4,4,4,1,RW,,,,
P013,4,50,Female,White,No,IP,C4,5,5,3,3,1,RW,,,,
P013,4,50,Female,White,No,IP,C4,5,6,1,1,1,RW,,,,
P013,4,50,Female,White,No,IP,C4,5,7,2,2,1,RW,,,,
P013,4,50,Female,White,No,IP,C4,5,8,0,0,1,RW,Tech error: target object not on screen,,,
P013,4,50,Female,White,No,IP,C4,5,9,3,1,0,RW,,,,
P013,4,50,Female,White,No,IP,C4,5,10,4,2,0,RW,,,,
P013,4,50,Female,White,No,IP,C4,5,11,1,3,0,RW,,,,
P013,4,50,Female,White,No,IP,C4,5,12,4,4,1,RW,,,,
P014,3,43,Female,White,Yes,CO,C1,5,1,4,3,0,RW,,,,
P014,3,43,Female,White,Yes,CO,C1,5,2,1,1,1,RW,,,,
P014,3,43,Female,White,Yes,CO,C1,5,3,3,3,1,RW,,,,
P014,3,43,Female,White,Yes,CO,C1,5,4,2,2,1,RW,,,,
P014,3,43,Female,White,Yes,CO,C1,5,5,4,4,1,RW,,,,
P014,3,43,Female,White,Yes,CO,C1,5,6,1,1,1,RW,,,,
P014,3,43,Female,White,Yes,CO,C1,5,7,2,2,1,RW,,,,
P014,3,43,Female,White,Yes,CO,C1,5,8,4,4,1,RW,,,,
P014,3,43,Female,White,Yes,CO,C1,5,9,2,2,1,RW,,,,
P014,3,43,Female,White,Yes,CO,C1,5,10,4,4,1,RW,,,,
P014,3,43,Female,White,Yes,CO,C1,5,11,3,3,1,RW,,,,
P014,3,43,Female,White,Yes,CO,C1,5,12,1,1,1,RW,,,,
P015,3,45,Female,White,Yes,CO,C2,5,1,3,3,1,RW,,,,
P015,3,45,Female,White,Yes,CO,C2,5,2,4,4,1,RW,,,,
P015,3,45,Female,White,Yes,CO,C2,5,3,2,2,1,RW,,,,
P015,3,45,Female,White,Yes,CO,C2,5,4,3,3,1,RW,,,,
P015,3,45,Female,White,Yes,CO,C2,5,5,1,1,1,RW,,,,
P015,3,45,Female,White,Yes,CO,C2,5,6,4,4,1,RW,,,,
P015,3,45,Female,White,Yes,CO,C2,5,7,2,2,1,RW,,,,
P015,3,45,Female,White,Yes,CO,C2,5,8,1,1,1,RW,,,,
P015,3,45,Female,White,Yes,CO,C2,5,9,4,2,0,RW,,,,
P015,3,45,Female,White,Yes,CO,C2,5,10,4,4,1,RW,,,,
P015,3,45,Female,White,Yes,CO,C2,5,11,1,1,1,RW,,,,
P015,3,45,Female,White,Yes,CO,C2,5,12,3,3,1,RW,,,,
P016,4,54,Female,White,Yes,CO,C3,5,1,4,4,1,RW,,,,
P016,4,54,Female,White,Yes,CO,C3,5,2,3,3,1,RW,,,,
P016,4,54,Female,White,Yes,CO,C3,5,3,1,1,1,RW,,,,
P016,4,54,Female,White,Yes,CO,C3,5,4,3,3,1,RW,,,,
P016,4,54,Female,White,Yes,CO,C3,5,5,2,2,1,RW,,,,
P016,4,54,Female,White,Yes,CO,C3,5,6,4,4,1,RW,,,,
P016,4,54,Female,White,Yes,CO,C3,5,7,1,1,1,RW,,,,
P016,4,54,Female,White,Yes,CO,C3,5,8,2,2,1,RW,,,,
P016,4,54,Female,White,Yes,CO,C3,5,9,1,1,1,RW,,,,
P016,4,54,Female,White,Yes,CO,C3,5,10,3,3,1,RW,,,,
P016,4,54,Female,White,Yes,CO,C3,5,11,2,2,1,RW,,,,
P016,4,54,Female,White,Yes,CO,C3,5,12,4,4,1,RW,,,,
P017,3,40,Male,White,Yes,CO,C4,5,1,4,3,0,RW,,,,
P017,3,40,Male,White,Yes,CO,C4,5,2,1,2,0,RW,,,,
P017,3,40,Male,White,Yes,CO,C4,5,3,3,1,0,RW,,,,
P017,3,40,Male,White,Yes,CO,C4,5,4,1,4,0,RW,,,,
P017,3,40,Male,White,Yes,CO,C4,5,5,2,3,0,RW,,,,
P017,3,40,Male,White,Yes,CO,C4,5,6,4,1,0,RW,,,,
P017,3,40,Male,White,Yes,CO,C4,5,7,1,2,0,RW,,,,
P017,3,40,Male,White,Yes,CO,C4,5,8,3,4,0,RW,,,,
P017,3,40,Male,White,Yes,CO,C4,5,9,3,1,0,RW,,,,
P017,3,40,Male,White,Yes,CO,C4,5,10,2,2,1,RW,,,,
P017,3,40,Male,White,Yes,CO,C4,5,11,3,3,1,RW,,,,
P017,3,40,Male,White,Yes,CO,C4,5,12,4,4,1,RW,,,,
P018,4,59,Female,White,Yes,IP,C1,5,1,4,3,0,RW,,,,
P018,4,59,Female,White,Yes,IP,C1,5,2,1,1,1,RW,,,,
P018,4,59,Female,White,Yes,IP,C1,5,3,3,3,1,RW,,,,
P018,4,59,Female,White,Yes,IP,C1,5,4,2,2,1,RW,,,,
P018,4,59,Female,White,Yes,IP,C1,5,5,4,4,1,RW,,,,
P018,4,59,Female,White,Yes,IP,C1,5,6,1,1,1,RW,,,,
P018,4,59,Female,White,Yes,IP,C1,5,7,2,2,1,RW,,,,
P018,4,59,Female,White,Yes,IP,C1,5,8,4,4,1,RW,,,,
P018,4,59,Female,White,Yes,IP,C1,5,9,2,2,1,RW,,,,
P018,4,59,Female,White,Yes,IP,C1,5,10,4,4,1,RW,,,,
P018,4,59,Female,White,Yes,IP,C1,5,11,3,3,1,RW,,,,
P018,4,59,Female,White,Yes,IP,C1,5,12,1,1,1,RW,,,,
P019,3,38,Female,White,Yes,IP,C4,5,1,3,3,1,RW,,,,
P019,3,38,Female,White,Yes,IP,C4,5,2,2,2,1,RW,,,,
P019,3,38,Female,White,Yes,IP,C4,5,3,1,1,1,RW,,,,
P019,3,38,Female,White,Yes,IP,C4,5,4,4,4,1,RW,,,,
P019,3,38,Female,White,Yes,IP,C4,5,5,3,3,1,RW,,,,
P019,3,38,Female,White,Yes,IP,C4,5,6,1,1,1,RW,,,,
P019,3,38,Female,White,Yes,IP,C4,5,7,2,2,1,RW,,,,
P019,3,38,Female,White,Yes,IP,C4,5,8,4,4,1,RW,,,,
P019,3,38,Female,White,Yes,IP,C4,5,9,1,1,1,RW,,,,
P019,3,38,Female,White,Yes,IP,C4,5,10,2,2,1,RW,,,,
P019,3,38,Female,White,Yes,IP,C4,5,11,3,3,1,RW,,,,
P019,3,38,Female,White,Yes,IP,C4,5,12,4,4,1,RW,,,,
P020,3,37,Male,Multi,Yes,IP,C2,5,1,3,3,1,RW,,,,
P020,3,37,Male,Multi,Yes,IP,C2,5,2,4,4,1,RW,,,,
P020,3,37,Male,Multi,Yes,IP,C2,5,3,2,2,1,RW,,,,
P020,3,37,Male,Multi,Yes,IP,C2,5,4,3,3,1,RW,,,,
P020,3,37,Male,Multi,Yes,IP,C2,5,5,1,1,1,RW,,,,
P020,3,37,Male,Multi,Yes,IP,C2,5,6,4,4,1,RW,,,,
P020,3,37,Male,Multi,Yes,IP,C2,5,7,2,2,1,RW,,,,
P020,3,37,Male,Multi,Yes,IP,C2,5,8,3,1,0,RW,,,,
P020,3,37,Male,Multi,Yes,IP,C2,5,9,4,2,0,RW,,,,
P020,3,37,Male,Multi,Yes,IP,C2,5,10,4,4,1,RW,,,,
P020,3,37,Male,Multi,Yes,IP,C2,5,11,1,1,1,RW,,,,
P020,3,37,Male,Multi,Yes,IP,C2,5,12,3,3,1,RW,,,,
P021,3,41,Female,Asian,Yes,IP,C3,5,1,4,4,1,RW,,,,
P021,3,41,Female,Asian,Yes,IP,C3,5,2,3,3,1,RW,,,,
P021,3,41,Female,Asian,Yes,IP,C3,5,3,1,1,1,RW,,,,
P021,3,41,Female,Asian,Yes,IP,C3,5,4,3,3,1,RW,,,,
P021,3,41,Female,Asian,Yes,IP,C3,5,5,2,2,1,RW,,,,
P021,3,41,Female,Asian,Yes,IP,C3,5,6,4,4,1,RW,,,,
P021,3,41,Female,Asian,Yes,IP,C3,5,7,1,1,1,RW,,,,
P021,3,41,Female,Asian,Yes,IP,C3,5,8,2,2,1,RW,,,,
P021,3,41,Female,Asian,Yes,IP,C3,5,9,3,1,0,RW,,,,
P021,3,41,Female,Asian,Yes,IP,C3,5,10,3,3,1,RW,,,,
P021,3,41,Female,Asian,Yes,IP,C3,5,11,2,2,1,RW,,,,
P021,3,41,Female,Asian,Yes,IP,C3,5,12,3,4,0,RW,,,,
P022,3,46,Male,Multi,Yes,IP,C4,5,1,3,3,1,RW,,,,
P022,3,46,Male,Multi,Yes,IP,C4,5,2,2,2,1,RW,,,,
P022,3,46,Male,Multi,Yes,IP,C4,5,3,1,1,1,RW,,,,
P022,3,46,Male,Multi,Yes,IP,C4,5,4,4,4,1,RW,,,,
P022,3,46,Male,Multi,Yes,IP,C4,5,5,3,3,1,RW,,,,
P022,3,46,Male,Multi,Yes,IP,C4,5,6,1,1,1,RW,,,,
P022,3,46,Male,Multi,Yes,IP,C4,5,7,2,2,1,RW,,,,
P022,3,46,Male,Multi,Yes,IP,C4,5,8,4,4,1,RW,,,,
P022,3,46,Male,Multi,Yes,IP,C4,5,9,1,1,1,RW,,,,
P022,3,46,Male,Multi,Yes,IP,C4,5,10,2,2,1,RW,,,,
P022,3,46,Male,Multi,Yes,IP,C4,5,11,3,3,1,RW,,,,
P022,3,46,Male,Multi,Yes,IP,C4,5,12,4,4,1,RW,,,,
P023,5,67,Male,Multi,Yes,CO,C1,5,1,0,3,0,RW,,,,
P023,5,67,Male,Multi,Yes,CO,C1,5,2,2,1,0,RW,,,,
P023,5,67,Male,Multi,Yes,CO,C1,5,3,1,3,0,RW,,,,
P023,5,67,Male,Multi,Yes,CO,C1,5,4,2,2,1,RW,,,,
P023,5,67,Male,Multi,Yes,CO,C1,5,5,2,4,0,RW,,,,
P023,5,67,Male,Multi,Yes,CO,C1,5,6,3,1,0,RW,,,,
P023,5,67,Male,Multi,Yes,CO,C1,5,7,3,2,0,RW,,,,
P023,5,67,Male,Multi,Yes,CO,C1,5,8,1,4,0,RW,,,,
P023,5,67,Male,Multi,Yes,CO,C1,5,9,1,2,0,RW,,,,
P023,5,67,Male,Multi,Yes,CO,C1,5,10,4,4,1,RW,,,,
P023,5,67,Male,Multi,Yes,CO,C1,5,11,3,3,1,RW,,,,
P023,5,67,Male,Multi,Yes,CO,C1,5,12,1,1,1,RW,,,,
P024,3,43,Female,Multi,Yes,CO,C2,5,1,2,3,0,RW,,,,
P024,3,43,Female,Multi,Yes,CO,C2,5,2,4,4,1,RW,,,,
P024,3,43,Female,Multi,Yes,CO,C2,5,3,2,2,1,RW,,,,
P024,3,43,Female,Multi,Yes,CO,C2,5,4,3,3,1,RW,,,,
P024,3,43,Female,Multi,Yes,CO,C2,5,5,1,1,1,RW,,,,
P024,3,43,Female,Multi,Yes,CO,C2,5,6,4,4,1,RW,,,,
P024,3,43,Female,Multi,Yes,CO,C2,5,7,2,2,1,RW,,,,
P024,3,43,Female,Multi,Yes,CO,C2,5,8,1,1,1,RW,,,,
P024,3,43,Female,Multi,Yes,CO,C2,5,9,2,2,1,RW,,,,
P024,3,43,Female,Multi,Yes,CO,C2,5,10,4,4,1,RW,,,,
P024,3,43,Female,Multi,Yes,CO,C2,5,11,1,1,1,RW,,,,
P024,3,43,Female,Multi,Yes,CO,C2,5,12,4,3,0,RW,,,,
P025,5,66,Female,Asian,Yes,CO,C3,5,1,4,4,1,RW,,,,
P025,5,66,Female,Asian,Yes,CO,C3,5,2,3,3,1,RW,,,,
P025,5,66,Female,Asian,Yes,CO,C3,5,3,1,1,1,RW,,,,
P025,5,66,Female,Asian,Yes,CO,C3,5,4,3,3,1,RW,,,,
P025,5,66,Female,Asian,Yes,CO,C3,5,5,2,2,1,RW,,,,
P025,5,66,Female,Asian,Yes,CO,C3,5,6,4,4,1,RW,,,,
P025,5,66,Female,Asian,Yes,CO,C3,5,7,1,1,1,RW,,,,
P025,5,66,Female,Asian,Yes,CO,C3,5,8,4,2,0,RW,,,,
P025,5,66,Female,Asian,Yes,CO,C3,5,9,1,1,1,RW,,,,
P025,5,66,Female,Asian,Yes,CO,C3,5,10,3,3,1,RW,,,,
P025,5,66,Female,Asian,Yes,CO,C3,5,11,2,2,1,RW,,,,
P025,5,66,Female,Asian,Yes,CO,C3,5,12,4,4,1,RW,,,,
P026,5,71,Female,Multi,Yes,CO,C4,5,1,3,3,1,RW,,,,
P026,5,71,Female,Multi,Yes,CO,C4,5,2,2,2,1,RW,,,,
P026,5,71,Female,Multi,Yes,CO,C4,5,3,1,1,1,RW,,,,
P026,5,71,Female,Multi,Yes,CO,C4,5,4,4,4,1,RW,,,,
P026,5,71,Female,Multi,Yes,CO,C4,5,5,3,3,1,RW,,,,
P026,5,71,Female,Multi,Yes,CO,C4,5,6,1,1,1,RW,,,,
P026,5,71,Female,Multi,Yes,CO,C4,5,7,2,2,1,RW,,,,
P026,5,71,Female,Multi,Yes,CO,C4,5,8,4,4,1,RW,,,,
P026,5,71,Female,Multi,Yes,CO,C4,5,9,1,1,1,RW,,,,
P026,5,71,Female,Multi,Yes,CO,C4,5,10,2,2,1,RW,,,,
P026,5,71,Female,Multi,Yes,CO,C4,5,11,3,3,1,RW,,,,
P026,5,71,Female,Multi,Yes,CO,C4,5,12,4,4,1,RW,,,,
P027,4,,Male,White,No,IP,C1,5,1,0,3,0,RW,child refused to play,,,
P027,4,,Male,White,No,IP,C1,5,2,0,1,0,RW,,,,
P027,4,,Male,White,No,IP,C1,5,3,0,3,0,RW,,,,
P027,4,,Male,White,No,IP,C1,5,4,0,2,0,RW,,,,
P027,4,,Male,White,No,IP,C1,5,5,0,4,0,RW,,,,
P027,4,,Male,White,No,IP,C1,5,6,0,1,0,RW,,,,
P027,4,,Male,White,No,IP,C1,5,7,0,2,0,RW,,,,
P027,4,,Male,White,No,IP,C1,5,8,0,4,0,RW,,,,
P027,4,,Male,White,No,IP,C1,5,9,0,2,0,RW,,,,
P027,4,,Male,White,No,IP,C1,5,10,0,4,0,RW,,,,
P027,4,,Male,White,No,IP,C1,5,11,0,3,0,RW,,,,
P027,4,,Male,White,No,IP,C1,5,12,0,1,0,RW,,,,
P028,4,59,Female,Hispanic,Yes,IP,C2,5,1,3,3,1,RW,,,,
P028,4,59,Female,Hispanic,Yes,IP,C2,5,2,4,4,1,RW,,,,
P028,4,59,Female,Hispanic,Yes,IP,C2,5,3,2,2,1,RW,,,,
P028,4,59,Female,Hispanic,Yes,IP,C2,5,4,3,3,1,RW,,,,
P028,4,59,Female,Hispanic,Yes,IP,C2,5,5,1,1,1,RW,,,,
P028,4,59,Female,Hispanic,Yes,IP,C2,5,6,4,4,1,RW,,,,
P028,4,59,Female,Hispanic,Yes,IP,C2,5,7,2,2,1,RW,,,,
P028,4,59,Female,Hispanic,Yes,IP,C2,5,8,1,1,1,RW,,,,
P028,4,59,Female,Hispanic,Yes,IP,C2,5,9,2,2,1,RW,,,,
P028,4,59,Female,Hispanic,Yes,IP,C2,5,10,4,4,1,RW,,,,
P028,4,59,Female,Hispanic,Yes,IP,C2,5,11,1,1,1,RW,,,,
P028,4,59,Female,Hispanic,Yes,IP,C2,5,12,3,3,1,RW,,,,
P029,3,45,Male,Asian,Yes,IP,C3,5,1,4,4,1,RW,,,,
P029,3,45,Male,Asian,Yes,IP,C3,5,2,3,3,1,RW,,,,
P029,3,45,Male,Asian,Yes,IP,C3,5,3,1,1,1,RW,,,,
P029,3,45,Male,Asian,Yes,IP,C3,5,4,3,3,1,RW,,,,
P029,3,45,Male,Asian,Yes,IP,C3,5,5,2,2,1,RW,,,,
P029,3,45,Male,Asian,Yes,IP,C3,5,6,4,4,1,RW,,,,
P029,3,45,Male,Asian,Yes,IP,C3,5,7,1,1,1,RW,,,,
P029,3,45,Male,Asian,Yes,IP,C3,5,8,2,2,1,RW,,,,
P029,3,45,Male,Asian,Yes,IP,C3,5,9,3,1,0,RW,,,,
P029,3,45,Male,Asian,Yes,IP,C3,5,10,3,3,1,RW,,,,
P029,3,45,Male,Asian,Yes,IP,C3,5,11,2,2,1,RW,,,,
P029,3,45,Male,Asian,Yes,IP,C3,5,12,4,4,1,RW,,,,
P030,4,59,Female,White,Yes,IP,C3,5,1,4,4,1,RW,,,,
P030,4,59,Female,White,Yes,IP,C3,5,2,3,3,1,RW,,,,
P030,4,59,Female,White,Yes,IP,C3,5,3,1,1,1,RW,,,,
P030,4,59,Female,White,Yes,IP,C3,5,4,3,3,1,RW,,,,
P030,4,59,Female,White,Yes,IP,C3,5,5,2,2,1,RW,,,,
P030,4,59,Female,White,Yes,IP,C3,5,6,4,4,1,RW,,,,
P030,4,59,Female,White,Yes,IP,C3,5,7,1,1,1,RW,,,,
P030,4,59,Female,White,Yes,IP,C3,5,8,2,2,1,RW,,,,
P030,4,59,Female,White,Yes,IP,C3,5,9,3,1,0,RW,,,,
P030,4,59,Female,White,Yes,IP,C3,5,10,3,3,1,RW,,,,
P030,4,59,Female,White,Yes,IP,C3,5,11,2,2,1,RW,,,,
P030,4,59,Female,White,Yes,IP,C3,5,12,4,4,1,RW,,,,
P031,4,57,Male,White,Yes,CO,C1,5,1,3,3,1,RW,,,,
P031,4,57,Male,White,Yes,CO,C1,5,2,1,1,1,RW,,,,
P031,4,57,Male,White,Yes,CO,C1,5,3,3,3,1,RW,,,,
P031,4,57,Male,White,Yes,CO,C1,5,4,2,2,1,RW,,,,
P031,4,57,Male,White,Yes,CO,C1,5,5,4,4,1,RW,,,,
P031,4,57,Male,White,Yes,CO,C1,5,6,1,1,1,RW,,,,
P031,4,57,Male,White,Yes,CO,C1,5,7,2,2,1,RW,,,,
P031,4,57,Male,White,Yes,CO,C1,5,8,4,4,1,RW,,,,
P031,4,57,Male,White,Yes,CO,C1,5,9,2,2,1,RW,,,,
P031,4,57,Male,White,Yes,CO,C1,5,10,4,4,1,RW,,,,
P031,4,57,Male,White,Yes,CO,C1,5,11,3,3,1,RW,,,,
P031,4,57,Male,White,Yes,CO,C1,5,12,1,1,1,RW,,,,
P032,3,41,Male,Asian,Yes,CO,C1,5,1,3,3,1,RW,,,,
P032,3,41,Male,Asian,Yes,CO,C1,5,2,1,1,1,RW,,,,
P032,3,41,Male,Asian,Yes,CO,C1,5,3,3,3,1,RW,,,,
P032,3,41,Male,Asian,Yes,CO,C1,5,4,2,2,1,RW,,,,
P032,3,41,Male,Asian,Yes,CO,C1,5,5,4,4,1,RW,,,,
P032,3,41,Male,Asian,Yes,CO,C1,5,6,1,1,1,RW,,,,
P032,3,41,Male,Asian,Yes,CO,C1,5,7,2,2,1,RW,,,,
P032,3,41,Male,Asian,Yes,CO,C1,5,8,1,4,0,RW,,,,
P032,3,41,Male,Asian,Yes,CO,C1,5,9,1,2,0,RW,,,,
P032,3,41,Male,Asian,Yes,CO,C1,5,10,4,4,1,RW,,,,
P032,3,41,Male,Asian,Yes,CO,C1,5,11,2,3,0,RW,,,,
P032,3,41,Male,Asian,Yes,CO,C1,5,12,1,1,1,RW,,,,
P033,3,47,Female,Asian,Yes,CO,C3,5,1,4,4,1,RW,,,,
P033,3,47,Female,Asian,Yes,CO,C3,5,2,2,3,0,RW,,,,
P033,3,47,Female,Asian,Yes,CO,C3,5,3,1,1,1,RW,,,,
P033,3,47,Female,Asian,Yes,CO,C3,5,4,3,3,1,RW,,,,
P033,3,47,Female,Asian,Yes,CO,C3,5,5,2,2,1,RW,,,,
P033,3,47,Female,Asian,Yes,CO,C3,5,6,4,4,1,RW,,,,
P033,3,47,Female,Asian,Yes,CO,C3,5,7,3,1,0,RW,,,,
P033,3,47,Female,Asian,Yes,CO,C3,5,8,4,2,0,RW,,,,
P033,3,47,Female,Asian,Yes,CO,C3,5,9,3,1,0,RW,,,,
P033,3,47,Female,Asian,Yes,CO,C3,5,10,3,3,1,RW,,,,
P033,3,47,Female,Asian,Yes,CO,C3,5,11,2,2,1,RW,,,,
P033,3,47,Female,Asian,Yes,CO,C3,5,12,4,4,1,RW,,,,
P034,5,64,Female,White,Yes,CO,C4,5,1,3,3,1,RW,,,,
P034,5,64,Female,White,Yes,CO,C4,5,2,2,2,1,RW,,,,
P034,5,64,Female,White,Yes,CO,C4,5,3,1,1,1,RW,,,,
P034,5,64,Female,White,Yes,CO,C4,5,4,4,4,1,RW,,,,
P034,5,64,Female,White,Yes,CO,C4,5,5,3,3,1,RW,,,,
P034,5,64,Female,White,Yes,CO,C4,5,6,1,1,1,RW,,,,
P034,5,64,Female,White,Yes,CO,C4,5,7,2,2,1,RW,,,,
P034,5,64,Female,White,Yes,CO,C4,5,8,4,4,1,RW,,,,
P034,5,64,Female,White,Yes,CO,C4,5,9,1,1,1,RW,,,,
P034,5,64,Female,White,Yes,CO,C4,5,10,2,2,1,RW,,,,
P034,5,64,Female,White,Yes,CO,C4,5,11,3,3,1,RW,,,,
P034,5,64,Female,White,Yes,CO,C4,5,12,4,4,1,RW,,,,
P035,5,65,Female,Hispanic,Yes,IP,C1,5,1,3,3,1,RW,,,,
P035,5,65,Female,Hispanic,Yes,IP,C1,5,2,1,1,1,RW,,,,
P035,5,65,Female,Hispanic,Yes,IP,C1,5,3,3,3,1,RW,,,,
P035,5,65,Female,Hispanic,Yes,IP,C1,5,4,2,2,1,RW,,,,
P035,5,65,Female,Hispanic,Yes,IP,C1,5,5,4,4,1,RW,,,,
P035,5,65,Female,Hispanic,Yes,IP,C1,5,6,1,1,1,RW,,,,
P035,5,65,Female,Hispanic,Yes,IP,C1,5,7,2,2,1,RW,,,,
P035,5,65,Female,Hispanic,Yes,IP,C1,5,8,4,4,1,RW,,,,
P035,5,65,Female,Hispanic,Yes,IP,C1,5,9,2,2,1,RW,,,,
P035,5,65,Female,Hispanic,Yes,IP,C1,5,10,4,4,1,RW,,,,
P035,5,65,Female,Hispanic,Yes,IP,C1,5,11,3,3,1,RW,,,,
P035,5,65,Female,Hispanic,Yes,IP,C1,5,12,4,1,0,RW,,,,
P036,4,50,Female,White,Yes,IP,C2,5,1,3,3,1,RW,,,,
P036,4,50,Female,White,Yes,IP,C2,5,2,4,4,1,RW,,,,
P036,4,50,Female,White,Yes,IP,C2,5,3,2,2,1,RW,,,,
P036,4,50,Female,White,Yes,IP,C2,5,4,3,3,1,RW,,,,
P036,4,50,Female,White,Yes,IP,C2,5,5,1,1,1,RW,,,,
P036,4,50,Female,White,Yes,IP,C2,5,6,4,4,1,RW,,,,
P036,4,50,Female,White,Yes,IP,C2,5,7,2,2,1,RW,,,,
P036,4,50,Female,White,Yes,IP,C2,5,8,1,1,1,RW,,,,
P036,4,50,Female,White,Yes,IP,C2,5,9,2,2,1,RW,,,,
P036,4,50,Female,White,Yes,IP,C2,5,10,4,4,1,RW,,,,
P036,4,50,Female,White,Yes,IP,C2,5,11,1,1,1,RW,,,,
P036,4,50,Female,White,Yes,IP,C2,5,12,3,3,1,RW,,,,
P037,4,59,Male,White,Yes,IP,C3,5,1,4,4,1,RW,,,,
P037,4,59,Male,White,Yes,IP,C3,5,2,3,3,1,RW,,,,
P037,4,59,Male,White,Yes,IP,C3,5,3,1,1,1,RW,,,,
P037,4,59,Male,White,Yes,IP,C3,5,4,3,3,1,RW,,,,
P037,4,59,Male,White,Yes,IP,C3,5,5,2,2,1,RW,,,,
P037,4,59,Male,White,Yes,IP,C3,5,6,4,4,1,RW,,,,
P037,4,59,Male,White,Yes,IP,C3,5,7,1,1,1,RW,,,,
P037,4,59,Male,White,Yes,IP,C3,5,8,4,2,0,RW,,,,
P037,4,59,Male,White,Yes,IP,C3,5,9,1,1,1,RW,,,,
P037,4,59,Male,White,Yes,IP,C3,5,10,3,3,1,RW,,,,
P037,4,59,Male,White,Yes,IP,C3,5,11,2,2,1,RW,,,,
P037,4,59,Male,White,Yes,IP,C3,5,12,4,4,1,RW,,,,
P038,4,58,Male,White,Yes,IP,C4,5,1,3,3,1,RW,,,,
P038,4,58,Male,White,Yes,IP,C4,5,2,2,2,1,RW,,,,
P038,4,58,Male,White,Yes,IP,C4,5,3,1,1,1,RW,,,,
P038,4,58,Male,White,Yes,IP,C4,5,4,4,4,1,RW,,,,
P038,4,58,Male,White,Yes,IP,C4,5,5,3,3,1,RW,,,,
P038,4,58,Male,White,Yes,IP,C4,5,6,1,1,1,RW,,,,
P038,4,58,Male,White,Yes,IP,C4,5,7,2,2,1,RW,,,,
P038,4,58,Male,White,Yes,IP,C4,5,8,4,4,1,RW,,,,
P038,4,58,Male,White,Yes,IP,C4,5,9,1,1,1,RW,,,,
P038,4,58,Male,White,Yes,IP,C4,5,10,2,2,1,RW,,,,
P038,4,58,Male,White,Yes,IP,C4,5,11,3,3,1,RW,,,,
P038,4,58,Male,White,Yes,IP,C4,5,12,4,4,1,RW,,,,
P039,5,70,Female,Multi,Yes,CO,C1,5,1,3,3,1,RW,,,,
P039,5,70,Female,Multi,Yes,CO,C1,5,2,1,1,1,RW,,,,
P039,5,70,Female,Multi,Yes,CO,C1,5,3,3,3,1,RW,,,,
P039,5,70,Female,Multi,Yes,CO,C1,5,4,2,2,1,RW,,,,
P039,5,70,Female,Multi,Yes,CO,C1,5,5,4,4,1,RW,,,,
P039,5,70,Female,Multi,Yes,CO,C1,5,6,1,1,1,RW,,,,
P039,5,70,Female,Multi,Yes,CO,C1,5,7,2,2,1,RW,,,,
P039,5,70,Female,Multi,Yes,CO,C1,5,8,4,4,1,RW,,,,
P039,5,70,Female,Multi,Yes,CO,C1,5,9,2,2,1,RW,,,,
P039,5,70,Female,Multi,Yes,CO,C1,5,10,4,4,1,RW,,,,
P039,5,70,Female,Multi,Yes,CO,C1,5,11,3,3,1,RW,,,,
P039,5,70,Female,Multi,Yes,CO,C1,5,12,1,1,1,RW,,,,
P040,4,57,Female,White,Yes,CO,C2,5,1,3,3,1,RW,"Child called the pink object ""purple""",,,
P040,4,57,Female,White,Yes,CO,C2,5,2,4,4,1,RW,,,,
P040,4,57,Female,White,Yes,CO,C2,5,3,1,2,0,RW,,,,
P040,4,57,Female,White,Yes,CO,C2,5,4,3,3,1,RW,,,,
P040,4,57,Female,White,Yes,CO,C2,5,5,1,1,1,RW,,,,
P040,4,57,Female,White,Yes,CO,C2,5,6,4,4,1,RW,,,,
P040,4,57,Female,White,Yes,CO,C2,5,7,2,2,1,RW,,,,
P040,4,57,Female,White,Yes,CO,C2,5,8,1,1,1,RW,,,,
P040,4,57,Female,White,Yes,CO,C2,5,9,2,2,1,RW,,,,
P040,4,57,Female,White,Yes,CO,C2,5,10,3,4,0,RW,,,,
P040,4,57,Female,White,Yes,CO,C2,5,11,1,1,1,RW,,,,
P040,4,57,Female,White,Yes,CO,C2,5,12,4,3,0,RW,,,,
P041,4,48,Female,Multi,Yes,CO,C3,5,1,4,4,1,BJ,,,,
P041,4,48,Female,Multi,Yes,CO,C3,5,2,3,3,1,BJ,,,,
P041,4,48,Female,Multi,Yes,CO,C3,5,3,1,1,1,BJ,,,,
P041,4,48,Female,Multi,Yes,CO,C3,5,4,3,3,1,BJ,,,,
P041,4,48,Female,Multi,Yes,CO,C3,5,5,2,2,1,BJ,,,,
P041,4,48,Female,Multi,Yes,CO,C3,5,6,4,4,1,BJ,,,,
P041,4,48,Female,Multi,Yes,CO,C3,5,7,1,1,1,BJ,,,,
P041,4,48,Female,Multi,Yes,CO,C3,5,8,2,2,1,BJ,,,,
P041,4,48,Female,Multi,Yes,CO,C3,5,9,1,1,1,BJ,,,,
P041,4,48,Female,Multi,Yes,CO,C3,5,10,3,3,1,BJ,,,,
P041,4,48,Female,Multi,Yes,CO,C3,5,11,2,2,1,BJ,,,,
P041,4,48,Female,Multi,Yes,CO,C3,5,12,4,4,1,BJ,,,,
P042,3,47,Female,White,Yes,CO,C4,5,1,4,3,0,BJ,"Child responded ""pink"" but in later trials called orange toy ""pink"" and pink toy ""white""",,,
P042,3,47,Female,White,Yes,CO,C4,5,2,2,2,1,BJ,,,,
P042,3,47,Female,White,Yes,CO,C4,5,3,1,1,1,BJ,,,,
P042,3,47,Female,White,Yes,CO,C4,5,4,4,4,1,BJ,,,,
P042,3,47,Female,White,Yes,CO,C4,5,5,3,3,1,BJ,,,,
P042,3,47,Female,White,Yes,CO,C4,5,6,4,1,0,BJ,,,,
P042,3,47,Female,White,Yes,CO,C4,5,7,2,2,1,BJ,,,,
P042,3,47,Female,White,Yes,CO,C4,5,8,4,4,1,BJ,,,,
P042,3,47,Female,White,Yes,CO,C4,5,9,3,1,0,BJ,,,,
P042,3,47,Female,White,Yes,CO,C4,5,10,4,2,0,BJ,,,,
P042,3,47,Female,White,Yes,CO,C4,5,11,3,3,1,BJ,,,,
P042,3,47,Female,White,Yes,CO,C4,5,12,4,4,1,BJ,,,,
P043,3,47,Female,White,No,IP,C1,5,1,3,3,1,BJ,Child wanted to stop in middle of learning period; halted learning,,,
P043,3,47,Female,White,No,IP,C1,5,2,1,1,1,BJ,,,,
P043,3,47,Female,White,No,IP,C1,5,3,3,3,1,BJ,,,,
P043,3,47,Female,White,No,IP,C1,5,4,2,2,1,BJ,,,,
P043,3,47,Female,White,No,IP,C1,5,5,4,4,1,BJ,Mom called the pink toy white,,,
P043,3,47,Female,White,No,IP,C1,5,6,1,1,1,BJ,,,,
P043,3,47,Female,White,No,IP,C1,5,7,2,2,1,BJ,,,,
P043,3,47,Female,White,No,IP,C1,5,8,4,4,1,BJ,Child called the pink toy purple,,,
P043,3,47,Female,White,No,IP,C1,5,9,2,2,1,BJ,,,,
P043,3,47,Female,White,No,IP,C1,5,10,4,4,1,BJ,,,,
P043,3,47,Female,White,No,IP,C1,5,11,2,3,0,BJ,,,,
P043,3,47,Female,White,No,IP,C1,5,12,1,1,1,BJ,"Child referred to blue toy as ""the one with tentacles""",,,
P044,3,42,Male,White,Yes,IP,C1,5,1,4,3,0,BJ,,,,
P044,3,42,Male,White,Yes,IP,C1,5,2,1,1,1,BJ,,,,
P044,3,42,Male,White,Yes,IP,C1,5,3,3,3,1,BJ,,,,
P044,3,42,Male,White,Yes,IP,C1,5,4,2,2,1,BJ,,,,
P044,3,42,Male,White,Yes,IP,C1,5,5,4,4,1,BJ,,,,
P044,3,42,Male,White,Yes,IP,C1,5,6,1,1,1,BJ,,,,
P044,3,42,Male,White,Yes,IP,C1,5,7,2,2,1,BJ,,,,
P044,3,42,Male,White,Yes,IP,C1,5,8,4,4,1,BJ,,,,
P044,3,42,Male,White,Yes,IP,C1,5,9,2,2,1,BJ,,,,
P044,3,42,Male,White,Yes,IP,C1,5,10,4,4,1,BJ,,,,
P044,3,42,Male,White,Yes,IP,C1,5,11,3,3,1,BJ,,,,
P044,3,42,Male,White,Yes,IP,C1,5,12,1,1,1,BJ,,,,
P045,4,54,Female,White,Yes,IP,C2,5,1,3,3,1,KR,,,,
P045,4,54,Female,White,Yes,IP,C2,5,2,4,4,1,KR,,,,
P045,4,54,Female,White,Yes,IP,C2,5,3,1,2,0,KR,,,,
P045,4,54,Female,White,Yes,IP,C2,5,4,3,3,1,KR,,,,
P045,4,54,Female,White,Yes,IP,C2,5,5,2,1,0,KR,,,,
P045,4,54,Female,White,Yes,IP,C2,5,6,4,4,1,KR,,,,
P045,4,54,Female,White,Yes,IP,C2,5,7,2,2,1,KR,,,,
P045,4,54,Female,White,Yes,IP,C2,5,8,1,1,1,KR,,,,
P045,4,54,Female,White,Yes,IP,C2,5,9,4,2,0,KR,,,,
P045,4,54,Female,White,Yes,IP,C2,5,10,4,4,1,KR,,,,
P045,4,54,Female,White,Yes,IP,C2,5,11,1,1,1,KR,,,,
P045,4,54,Female,White,Yes,IP,C2,5,12,3,3,1,KR,,,,
P046,4,50,Male,Unknown,Yes,IP,C3,5,1,4,4,1,BJ,,,,
P046,4,50,Male,Unknown,Yes,IP,C3,5,2,3,3,1,BJ,,,,
P046,4,50,Male,Unknown,Yes,IP,C3,5,3,1,1,1,BJ,,,,
P046,4,50,Male,Unknown,Yes,IP,C3,5,4,4,3,0,BJ,,,,
P046,4,50,Male,Unknown,Yes,IP,C3,5,5,2,2,1,BJ,,,,
P046,4,50,Male,Unknown,Yes,IP,C3,5,6,4,4,1,BJ,,,,
P046,4,50,Male,Unknown,Yes,IP,C3,5,7,1,1,1,BJ,,,,
P046,4,50,Male,Unknown,Yes,IP,C3,5,8,2,2,1,BJ,,,,
P046,4,50,Male,Unknown,Yes,IP,C3,5,9,1,1,1,BJ,,,,
P046,4,50,Male,Unknown,Yes,IP,C3,5,10,4,3,0,BJ,,,,
P046,4,50,Male,Unknown,Yes,IP,C3,5,11,2,2,1,BJ,,,,
P046,4,50,Male,Unknown,Yes,IP,C3,5,12,4,4,1,BJ,,,,
P047,4,53,Male,Asian,Yes,IP,C4,5,1,3,3,1,BJ,,,,
P047,4,53,Male,Asian,Yes,IP,C4,5,2,1,2,0,BJ,,,,
P047,4,53,Male,Asian,Yes,IP,C4,5,3,1,1,1,BJ,,,,
P047,4,53,Male,Asian,Yes,IP,C4,5,4,4,4,1,BJ,,,,
P047,4,53,Male,Asian,Yes,IP,C4,5,5,3,3,1,BJ,,,,
P047,4,53,Male,Asian,Yes,IP,C4,5,6,1,1,1,BJ,,,,
P047,4,53,Male,Asian,Yes,IP,C4,5,7,2,2,1,BJ,,,,
P047,4,53,Male,Asian,Yes,IP,C4,5,8,4,4,1,BJ,,,,
P047,4,53,Male,Asian,Yes,IP,C4,5,9,1,1,1,BJ,,,,
P047,4,53,Male,Asian,Yes,IP,C4,5,10,2,2,1,BJ,,,,
P047,4,53,Male,Asian,Yes,IP,C4,5,11,3,3,1,BJ,,,,
P047,4,53,Male,Asian,Yes,IP,C4,5,12,4,4,1,BJ,,,,
P048,4,55,Female,White,Yes,CO,C1,5,1,4,3,0,BJ,,,,
P048,4,55,Female,White,Yes,CO,C1,5,2,1,1,1,BJ,,,,
P048,4,55,Female,White,Yes,CO,C1,5,3,3,3,1,BJ,,,,
P048,4,55,Female,White,Yes,CO,C1,5,4,2,2,1,BJ,,,,
P048,4,55,Female,White,Yes,CO,C1,5,5,4,4,1,BJ,,,,
P048,4,55,Female,White,Yes,CO,C1,5,6,1,1,1,BJ,,,,
P048,4,55,Female,White,Yes,CO,C1,5,7,2,2,1,BJ,,,,
P048,4,55,Female,White,Yes,CO,C1,5,8,4,4,1,BJ,,,,
P048,4,55,Female,White,Yes,CO,C1,5,9,2,2,1,BJ,,,,
P048,4,55,Female,White,Yes,CO,C1,5,10,4,4,1,BJ,,,,
P048,4,55,Female,White,Yes,CO,C1,5,11,3,3,1,BJ,,,,
P048,4,55,Female,White,Yes,CO,C1,5,12,1,1,1,BJ,,,,
P049,5,67,Male,Asian,Yes,CO,C2,5,1,3,3,1,BJ,,,,
P049,5,67,Male,Asian,Yes,CO,C2,5,2,4,4,1,BJ,,,,
P049,5,67,Male,Asian,Yes,CO,C2,5,3,2,2,1,BJ,,,,
P049,5,67,Male,Asian,Yes,CO,C2,5,4,3,3,1,BJ,,,,
P049,5,67,Male,Asian,Yes,CO,C2,5,5,1,1,1,BJ,,,,
P049,5,67,Male,Asian,Yes,CO,C2,5,6,4,4,1,BJ,,,,
P049,5,67,Male,Asian,Yes,CO,C2,5,7,2,2,1,BJ,,Blue,1,
P049,5,67,Male,Asian,Yes,CO,C2,5,8,1,1,1,BJ,,Green,2,
P049,5,67,Male,Asian,Yes,CO,C2,5,9,2,2,1,BJ,,Orange,3,
P049,5,67,Male,Asian,Yes,CO,C2,5,10,4,4,1,BJ,,Pink,4,
P049,5,67,Male,Asian,Yes,CO,C2,5,11,1,1,1,BJ,,,,
P049,5,67,Male,Asian,Yes,CO,C2,5,12,3,3,1,BJ,,,,
P050,4,59,Male,Multi,Yes,CO,C3,5,1,4,4,1,BJ,,,,
P050,4,59,Male,Multi,Yes,CO,C3,5,2,2,3,0,BJ,,,,
P050,4,59,Male,Multi,Yes,CO,C3,5,3,1,1,1,BJ,,,,
P050,4,59,Male,Multi,Yes,CO,C3,5,4,3,3,1,BJ,,,,
P050,4,59,Male,Multi,Yes,CO,C3,5,5,2,2,1,BJ,,,,
P050,4,59,Male,Multi,Yes,CO,C3,5,6,4,4,1,BJ,,,,
P050,4,59,Male,Multi,Yes,CO,C3,5,7,1,1,1,BJ,,,,
P050,4,59,Male,Multi,Yes,CO,C3,5,8,2,2,1,BJ,,,,
P050,4,59,Male,Multi,Yes,CO,C3,5,9,1,1,1,BJ,,,,
P050,4,59,Male,Multi,Yes,CO,C3,5,10,3,3,1,BJ,,,,
P050,4,59,Male,Multi,Yes,CO,C3,5,11,2,2,1,BJ,,,,
P050,4,59,Male,Multi,Yes,CO,C3,5,12,4,4,1,BJ,,,,
P051,3,46,Female,Multi,Yes,CO,C4,5,1,3,3,1,KR,She was using an iPad and could not move my face to the top of the screen and kept it at the bottom of the screen instead,,,
P051,3,46,Female,Multi,Yes,CO,C4,5,2,2,2,1,KR,,,,
P051,3,46,Female,Multi,Yes,CO,C4,5,3,1,1,1,KR,,,,
P051,3,46,Female,Multi,Yes,CO,C4,5,4,4,4,1,KR,,,,
P051,3,46,Female,Multi,Yes,CO,C4,5,5,3,3,1,KR,,,,
P051,3,46,Female,Multi,Yes,CO,C4,5,6,1,1,1,KR,,,,
P051,3,46,Female,Multi,Yes,CO,C4,5,7,2,2,1,KR,,,,
P051,3,46,Female,Multi,Yes,CO,C4,5,8,4,4,1,KR,,,,
P051,3,46,Female,Multi,Yes,CO,C4,5,9,1,1,1,KR,,,,
P051,3,46,Female,Multi,Yes,CO,C4,5,10,4,2,0,KR,,,,
P051,3,46,Female,Multi,Yes,CO,C4,5,11,3,3,1,KR,,,,
P051,3,46,Female,Multi,Yes,CO,C4,5,12,4,4,1,KR,,,,
P052,3,40,Male,Asian,No,IP,C1,5,1,3,3,1,KR,child speaks English <75% of the time,,,
P052,3,40,Male,Asian,No,IP,C1,5,2,1,1,1,KR,,,,
P052,3,40,Male,Asian,No,IP,C1,5,3,3,3,1,KR,,,,
P052,3,40,Male,Asian,No,IP,C1,5,4,4,2,0,KR,,,,
P052,3,40,Male,Asian,No,IP,C1,5,5,2,4,0,KR,,,,
P052,3,40,Male,Asian,No,IP,C1,5,6,1,1,1,KR,,,,
P052,3,40,Male,Asian,No,IP,C1,5,7,2,2,1,KR,,,,
P052,3,40,Male,Asian,No,IP,C1,5,8,1,4,0,KR,,,,
P052,3,40,Male,Asian,No,IP,C1,5,9,2,2,1,KR,,,,
P052,3,40,Male,Asian,No,IP,C1,5,10,2,4,0,KR,,,,
P052,3,40,Male,Asian,No,IP,C1,5,11,3,3,1,KR,,,,
P052,3,40,Male,Asian,No,IP,C1,5,12,1,1,1,KR,,,,
P053,5,66,Female,White,No,IP,C2,5,1,3,3,1,BJ,child has autism,,,
P053,5,66,Female,White,No,IP,C2,5,2,4,4,1,BJ,,,,
P053,5,66,Female,White,No,IP,C2,5,3,2,2,1,BJ,,,,
P053,5,66,Female,White,No,IP,C2,5,4,3,3,1,BJ,,,,
P053,5,66,Female,White,No,IP,C2,5,5,1,1,1,BJ,,,,
P053,5,66,Female,White,No,IP,C2,5,6,4,4,1,BJ,,,,
P053,5,66,Female,White,No,IP,C2,5,7,2,2,1,BJ,,,,
P053,5,66,Female,White,No,IP,C2,5,8,1,1,1,BJ,,,,
P053,5,66,Female,White,No,IP,C2,5,9,2,2,1,BJ,,,,
P053,5,66,Female,White,No,IP,C2,5,10,4,4,1,BJ,,,,
P053,5,66,Female,White,No,IP,C2,5,11,1,1,1,BJ,,,,
P053,5,66,Female,White,No,IP,C2,5,12,3,3,1,BJ,Technical error after final test (Maggie in sunhat didn't show up),,,
P054,3,46,Male,Asian,Yes,IP,C3,5,1,4,4,1,BJ,,,,
P054,3,46,Male,Asian,Yes,IP,C3,5,2,2,3,0,BJ,,,,
P054,3,46,Male,Asian,Yes,IP,C3,5,3,1,1,0,BJ,,,Blue,1
P054,3,46,Male,Asian,Yes,IP,C3,5,4,3,3,0,BJ,,,Green,2
P054,3,46,Male,Asian,Yes,IP,C3,5,5,1,2,0,BJ,"Said it looked like a donut, but pointed to the blue one",,Orange,3
P054,3,46,Male,Asian,Yes,IP,C3,5,6,3,4,0,BJ,Switched answer at last second,,Pink,4
P054,3,46,Male,Asian,Yes,IP,C3,5,7,1,1,1,BJ,,,,
P054,3,46,Male,Asian,Yes,IP,C3,5,8,2,2,1,BJ,,,,
P054,3,46,Male,Asian,Yes,IP,C3,5,9,1,1,1,BJ,,,,
P054,3,46,Male,Asian,Yes,IP,C3,5,10,4,3,0,BJ,,,,
P054,3,46,Male,Asian,Yes,IP,C3,5,11,2,2,1,BJ,,,,
P054,3,46,Male,Asian,Yes,IP,C3,5,12,3,4,0,BJ,"called object yellow, pointed to orange",,,
P055,3,41,Male,White,No,IP,C4,5,1,4,3,0,KR,Audio was not synced up with video on the keynote so audio for certain slides in training got cut off,,,
P055,3,41,Male,White,No,IP,C4,5,2,2,2,1,KR,,,,
P055,3,41,Male,White,No,IP,C4,5,3,3,1,0,KR,,,,
P055,3,41,Male,White,No,IP,C4,5,4,1,4,0,KR,,,,
P055,3,41,Male,White,No,IP,C4,5,5,2,3,0,KR,,,,
P055,3,41,Male,White,No,IP,C4,5,6,1,1,1,KR,,,,
P055,3,41,Male,White,No,IP,C4,5,7,2,2,1,KR,,,,
P055,3,41,Male,White,No,IP,C4,5,8,3,4,0,KR,,,,
P055,3,41,Male,White,No,IP,C4,5,9,1,1,1,KR,,,,
P055,3,41,Male,White,No,IP,C4,5,10,2,2,1,KR,,,,
P055,3,41,Male,White,No,IP,C4,5,11,1,3,0,KR,,,,
P055,3,41,Male,White,No,IP,C4,5,12,3,4,0,KR,,,,
P056,3,47,Female,Asian,Yes,CO,C1,5,1,3,3,1,KR,,,,
P056,3,47,Female,Asian,Yes,CO,C1,5,2,1,1,1,KR,,,,
P056,3,47,Female,Asian,Yes,CO,C1,5,3,1,3,0,KR,,,,
P056,3,47,Female,Asian,Yes,CO,C1,5,4,2,2,1,KR,,,,
P056,3,47,Female,Asian,Yes,CO,C1,5,5,4,4,1,KR,,,,
P056,3,47,Female,Asian,Yes,CO,C1,5,6,3,1,0,KR,,,,
P056,3,47,Female,Asian,Yes,CO,C1,5,7,2,2,1,KR,,,,
P056,3,47,Female,Asian,Yes,CO,C1,5,8,1,4,0,KR,,,,
P056,3,47,Female,Asian,Yes,CO,C1,5,9,1,2,0,KR,,,,
P056,3,47,Female,Asian,Yes,CO,C1,5,10,4,4,1,KR,,,,
P056,3,47,Female,Asian,Yes,CO,C1,5,11,3,3,1,KR,,,,
P056,3,47,Female,Asian,Yes,CO,C1,5,12,4,1,0,KR,,,,
P057,3,41,Female,Asian,No,CO,C2,5,1,0,3,0,KR,"Child would not respond to test cases, tried to get a response/guess multiple times, parent decided she was uncomfortable and chose to end participation",,,
P057,3,41,Female,Asian,No,CO,C2,5,2,0,4,0,KR,,,,
P057,3,41,Female,Asian,No,CO,C2,5,3,0,2,0,KR,,,,
P057,3,41,Female,Asian,No,CO,C2,5,4,0,3,0,KR,,,,
P057,3,41,Female,Asian,No,CO,C2,5,5,0,1,0,KR,,,,
P057,3,41,Female,Asian,No,CO,C2,5,6,0,4,0,KR,,,,
P057,3,41,Female,Asian,No,CO,C2,5,7,0,2,0,KR,,,,
P057,3,41,Female,Asian,No,CO,C2,5,8,0,1,0,KR,,,,
P057,3,41,Female,Asian,No,CO,C2,5,9,0,2,0,KR,,,,
P057,3,41,Female,Asian,No,CO,C2,5,10,0,4,0,KR,,,,
P057,3,41,Female,Asian,No,CO,C2,5,11,0,1,0,KR,,,,
P057,3,41,Female,Asian,No,CO,C2,5,12,0,3,0,KR,,,,
P058,3,44,Female,White,Yes,CO,C3,5,1,4,4,1,BJ,,,,
P058,3,44,Female,White,Yes,CO,C3,5,2,2,3,0,BJ,,,,
P058,3,44,Female,White,Yes,CO,C3,5,3,1,1,1,BJ,,,,
P058,3,44,Female,White,Yes,CO,C3,5,4,3,3,1,BJ,,,,
P058,3,44,Female,White,Yes,CO,C3,5,5,1,2,0,BJ,,,,
P058,3,44,Female,White,Yes,CO,C3,5,6,3,4,0,BJ,,,,
P058,3,44,Female,White,Yes,CO,C3,5,7,1,1,1,BJ,,,,
P058,3,44,Female,White,Yes,CO,C3,5,8,4,2,0,BJ,switched answer last second,,,
P058,3,44,Female,White,Yes,CO,C3,5,9,3,1,0,BJ,,,,
P058,3,44,Female,White,Yes,CO,C3,5,10,4,3,0,BJ,,,,
P058,3,44,Female,White,Yes,CO,C3,5,11,1,2,0,BJ,,,,
P058,3,44,Female,White,Yes,CO,C3,5,12,4,4,1,BJ,,,,
P059,3,39,Female,Asian,Yes,CO,C4,5,1,3,3,1,BJ,,,,
P059,3,39,Female,Asian,Yes,CO,C4,5,2,2,2,1,BJ,,,,
P059,3,39,Female,Asian,Yes,CO,C4,5,3,1,1,1,BJ,,,,
P059,3,39,Female,Asian,Yes,CO,C4,5,4,4,4,1,BJ,,,,
P059,3,39,Female,Asian,Yes,CO,C4,5,5,3,3,1,BJ,,,,
P059,3,39,Female,Asian,Yes,CO,C4,5,6,4,1,0,BJ,,,,
P059,3,39,Female,Asian,Yes,CO,C4,5,7,1,2,0,BJ,,,,
P059,3,39,Female,Asian,Yes,CO,C4,5,8,3,4,0,BJ,,,,
P059,3,39,Female,Asian,Yes,CO,C4,5,9,1,1,1,BJ,,,,
P059,3,39,Female,Asian,Yes,CO,C4,5,10,4,2,0,BJ,,,,
P059,3,39,Female,Asian,Yes,CO,C4,5,11,3,3,1,BJ,,,,
P059,3,39,Female,Asian,Yes,CO,C4,5,12,4,4,1,BJ,,,,
P060,5,64,Female,White,Yes,IP,C1,5,1,3,3,1,KR,,,,
P060,5,64,Female,White,Yes,IP,C1,5,2,1,1,1,KR,,,,
P060,5,64,Female,White,Yes,IP,C1,5,3,1,3,0,KR,,,,
P060,5,64,Female,White,Yes,IP,C1,5,4,4,2,0,KR,,,,
P060,5,64,Female,White,Yes,IP,C1,5,5,2,4,0,KR,,,,
P060,5,64,Female,White,Yes,IP,C1,5,6,1,1,1,KR,,,,
P060,5,64,Female,White,Yes,IP,C1,5,7,2,2,1,KR,,,,
P060,5,64,Female,White,Yes,IP,C1,5,8,4,4,1,KR,,,,
P060,5,64,Female,White,Yes,IP,C1,5,9,1,2,0,KR,,,,
P060,5,64,Female,White,Yes,IP,C1,5,10,4,4,1,KR,,,,
P060,5,64,Female,White,Yes,IP,C1,5,11,3,3,1,KR,,,,
P060,5,64,Female,White,Yes,IP,C1,5,12,4,1,0,KR,,,,
P061,5,62,Male,White,Yes,IP,C2,5,1,3,3,1,BJ,,,,
P061,5,62,Male,White,Yes,IP,C2,5,2,4,4,1,BJ,,,,
P061,5,62,Male,White,Yes,IP,C2,5,3,1,2,0,BJ,,,,
P061,5,62,Male,White,Yes,IP,C2,5,4,3,3,1,BJ,,,,
P061,5,62,Male,White,Yes,IP,C2,5,5,2,1,0,BJ,,,,
P061,5,62,Male,White,Yes,IP,C2,5,6,4,4,1,BJ,,,,
P061,5,62,Male,White,Yes,IP,C2,5,7,2,2,1,BJ,,,,
P061,5,62,Male,White,Yes,IP,C2,5,8,3,1,0,BJ,,,,
P061,5,62,Male,White,Yes,IP,C2,5,9,2,2,1,BJ,,,,
P061,5,62,Male,White,Yes,IP,C2,5,10,4,4,1,BJ,,,,
P061,5,62,Male,White,Yes,IP,C2,5,11,1,1,1,BJ,,,,
P061,5,62,Male,White,Yes,IP,C2,5,12,4,3,0,BJ,,,,
P062,5,60,Male,Asian,No,IP,C3,5,1,0,4,0,BJ,child opted out between learning periods--didn't like the noise ,,,
P062,5,60,Male,Asian,No,IP,C3,5,2,0,3,0,BJ,,,,
P062,5,60,Male,Asian,No,IP,C3,5,3,0,1,0,BJ,,,,
P062,5,60,Male,Asian,No,IP,C3,5,4,0,3,0,BJ,,,,
P062,5,60,Male,Asian,No,IP,C3,5,5,0,2,0,BJ,,,,
P062,5,60,Male,Asian,No,IP,C3,5,6,0,4,0,BJ,,,,
P062,5,60,Male,Asian,No,IP,C3,5,7,0,1,0,BJ,,,,
P062,5,60,Male,Asian,No,IP,C3,5,8,0,2,0,BJ,,,,
P062,5,60,Male,Asian,No,IP,C3,5,9,0,1,0,BJ,,,,
P062,5,60,Male,Asian,No,IP,C3,5,10,0,3,0,BJ,,,,
P062,5,60,Male,Asian,No,IP,C3,5,11,0,2,0,BJ,,,,
P062,5,60,Male,Asian,No,IP,C3,5,12,0,4,0,BJ,,,,
P063,3,36,Prefer not to answer,White,No,IP,C4,5,1,4,3,0,BJ,,,,
P063,3,36,Prefer not to answer,White,No,IP,C4,5,2,2,2,1,BJ,,,,
P063,3,36,Prefer not to answer,White,No,IP,C4,5,3,1,1,1,BJ,,,,
P063,3,36,Prefer not to answer,White,No,IP,C4,5,4,1,4,0,BJ,,,,
P063,3,36,Prefer not to answer,White,No,IP,C4,5,5,3,3,1,BJ,,,,
P063,3,36,Prefer not to answer,White,No,IP,C4,5,6,0,1,0,BJ,child opted out--said he was done playing after both learning conditions,,,
P063,3,36,Prefer not to answer,White,No,IP,C4,5,7,0,2,0,BJ,,,,
P063,3,36,Prefer not to answer,White,No,IP,C4,5,8,0,4,0,BJ,,,,
P063,3,36,Prefer not to answer,White,No,IP,C4,5,9,0,1,0,BJ,,,,
P063,3,36,Prefer not to answer,White,No,IP,C4,5,10,0,2,0,BJ,,,,
P063,3,36,Prefer not to answer,White,No,IP,C4,5,11,0,3,0,BJ,,,,
P063,3,36,Prefer not to answer,White,No,IP,C4,5,12,0,4,0,BJ,,,,
P064,3,36,Male,White,Yes,CO,C1,5,1,4,3,0,KR,,,,
P064,3,36,Male,White,Yes,CO,C1,5,2,1,1,1,KR,,,,
P064,3,36,Male,White,Yes,CO,C1,5,3,1,3,0,KR,,,,
P064,3,36,Male,White,Yes,CO,C1,5,4,2,2,1,KR,,,,
P064,3,36,Male,White,Yes,CO,C1,5,5,2,4,0,KR,,,,
P064,3,36,Male,White,Yes,CO,C1,5,6,1,1,1,KR,,,,
P064,3,36,Male,White,Yes,CO,C1,5,7,2,2,1,KR,,,,
P064,3,36,Male,White,Yes,CO,C1,5,8,1,4,0,KR,,,,
P064,3,36,Male,White,Yes,CO,C1,5,9,1,2,0,KR,,,,
P064,3,36,Male,White,Yes,CO,C1,5,10,2,4,0,KR,,,,
P064,3,36,Male,White,Yes,CO,C1,5,11,3,3,1,KR,,,,
P064,3,36,Male,White,Yes,CO,C1,5,12,1,1,1,KR,,,,
P065,4,56,Female,Asian,Yes,CO,C2,5,1,3,3,1,KR,,,,
P065,4,56,Female,Asian,Yes,CO,C2,5,2,4,4,1,KR,,,,
P065,4,56,Female,Asian,Yes,CO,C2,5,3,2,2,1,KR,,,,
P065,4,56,Female,Asian,Yes,CO,C2,5,4,3,3,1,KR,,,,
P065,4,56,Female,Asian,Yes,CO,C2,5,5,1,1,1,KR,,,,
P065,4,56,Female,Asian,Yes,CO,C2,5,6,4,4,1,KR,,,,
P065,4,56,Female,Asian,Yes,CO,C2,5,7,2,2,1,KR,,,,
P065,4,56,Female,Asian,Yes,CO,C2,5,8,1,1,1,KR,,,,
P065,4,56,Female,Asian,Yes,CO,C2,5,9,2,2,1,KR,,,,
P065,4,56,Female,Asian,Yes,CO,C2,5,10,4,4,1,KR,,,,
P065,4,56,Female,Asian,Yes,CO,C2,5,11,1,1,1,KR,,,,
P065,4,56,Female,Asian,Yes,CO,C2,5,12,3,3,1,KR,,,,
P066,5,63,Female,Asian,Yes,CO,C3,5,1,4,4,1,BJ,,,,
P066,5,63,Female,Asian,Yes,CO,C3,5,2,3,3,1,BJ,,,,
P066,5,63,Female,Asian,Yes,CO,C3,5,3,1,1,1,BJ,,,,
P066,5,63,Female,Asian,Yes,CO,C3,5,4,4,3,0,BJ,,,,
P066,5,63,Female,Asian,Yes,CO,C3,5,5,2,2,1,BJ,,,,
P066,5,63,Female,Asian,Yes,CO,C3,5,6,3,4,0,BJ,,,,
P066,5,63,Female,Asian,Yes,CO,C3,5,7,1,1,1,BJ,,,,
P066,5,63,Female,Asian,Yes,CO,C3,5,8,4,2,0,BJ,,,,
P066,5,63,Female,Asian,Yes,CO,C3,5,9,3,1,0,BJ,,,,
P066,5,63,Female,Asian,Yes,CO,C3,5,10,3,3,1,BJ,,,,
P066,5,63,Female,Asian,Yes,CO,C3,5,11,1,2,0,BJ,,,,
P066,5,63,Female,Asian,Yes,CO,C3,5,12,4,4,1,BJ,,,,
P067,3,45,Female,Other,No,CO,C4,5,1,0,3,0,BJ,Child unable to complete experiment--neck spasm,,,
P067,3,45,Female,Other,No,CO,C4,5,2,0,2,0,BJ,,,,
P067,3,45,Female,Other,No,CO,C4,5,3,0,1,0,BJ,,,,
P067,3,45,Female,Other,No,CO,C4,5,4,0,4,0,BJ,,,,
P067,3,45,Female,Other,No,CO,C4,5,5,0,3,0,BJ,,,,
P067,3,45,Female,Other,No,CO,C4,5,6,0,1,0,BJ,,,,
P067,3,45,Female,Other,No,CO,C4,5,7,0,2,0,BJ,,,,
P067,3,45,Female,Other,No,CO,C4,5,8,0,4,0,BJ,,,,
P067,3,45,Female,Other,No,CO,C4,5,9,0,1,0,BJ,,,,
P067,3,45,Female,Other,No,CO,C4,5,10,0,2,0,BJ,,,,
P067,3,45,Female,Other,No,CO,C4,5,11,0,3,0,BJ,,,,
P067,3,45,Female,Other,No,CO,C4,5,12,0,4,0,BJ,,,,
P068,4,59,Male,Asian,Yes,IP,C1,5,1,3,3,1,KR,,,,
P068,4,59,Male,Asian,Yes,IP,C1,5,2,1,1,1,KR,,,,
P068,4,59,Male,Asian,Yes,IP,C1,5,3,1,3,0,KR,,,,
P068,4,59,Male,Asian,Yes,IP,C1,5,4,2,2,1,KR,,,,
P068,4,59,Male,Asian,Yes,IP,C1,5,5,4,4,1,KR,,,,
P068,4,59,Male,Asian,Yes,IP,C1,5,6,3,1,0,KR,,,,
P068,4,59,Male,Asian,Yes,IP,C1,5,7,2,2,1,KR,,,,
P068,4,59,Male,Asian,Yes,IP,C1,5,8,4,4,1,KR,,,,
P068,4,59,Male,Asian,Yes,IP,C1,5,9,2,2,1,KR,,,,
P068,4,59,Male,Asian,Yes,IP,C1,5,10,4,4,1,KR,,,,
P068,4,59,Male,Asian,Yes,IP,C1,5,11,3,3,1,KR,,,,
P068,4,59,Male,Asian,Yes,IP,C1,5,12,1,1,1,KR,,,,
P069,4,48,Male,"Asian, White",Yes,IP,C2,5,1,3,3,1,BJ,,,,
P069,4,48,Male,"Asian, White",Yes,IP,C2,5,2,4,4,1,BJ,,,,
P069,4,48,Male,"Asian, White",Yes,IP,C2,5,3,2,2,1,BJ,,,,
P069,4,48,Male,"Asian, White",Yes,IP,C2,5,4,3,3,1,BJ,,,,
P069,4,48,Male,"Asian, White",Yes,IP,C2,5,5,1,1,1,BJ,"Pointed toward blue, said something about donut",,,
P069,4,48,Male,"Asian, White",Yes,IP,C2,5,6,4,4,1,BJ,,,,
P069,4,48,Male,"Asian, White",Yes,IP,C2,5,7,2,2,1,BJ,,,,
P069,4,48,Male,"Asian, White",Yes,IP,C2,5,8,1,1,1,BJ,,,,
P069,4,48,Male,"Asian, White",Yes,IP,C2,5,9,4,2,0,BJ,,,,
P069,4,48,Male,"Asian, White",Yes,IP,C2,5,10,4,4,1,BJ,,,,
P069,4,48,Male,"Asian, White",Yes,IP,C2,5,11,1,1,1,BJ,,,,
P069,4,48,Male,"Asian, White",Yes,IP,C2,5,12,3,3,1,BJ,,,,
P070,4,53,Female,"Hispanic, Latinx",Yes,IP,C3,5,1,4,4,1,BJ,,,,
P070,4,53,Female,"Hispanic, Latinx",Yes,IP,C3,5,2,3,3,1,BJ,,,,
P070,4,53,Female,"Hispanic, Latinx",Yes,IP,C3,5,3,1,1,1,BJ,,,,
P070,4,53,Female,"Hispanic, Latinx",Yes,IP,C3,5,4,3,3,1,BJ,,,,
P070,4,53,Female,"Hispanic, Latinx",Yes,IP,C3,5,5,2,2,1,BJ,,,,
P070,4,53,Female,"Hispanic, Latinx",Yes,IP,C3,5,6,4,4,1,BJ,,,,
P070,4,53,Female,"Hispanic, Latinx",Yes,IP,C3,5,7,1,1,1,BJ,,,,
P070,4,53,Female,"Hispanic, Latinx",Yes,IP,C3,5,8,2,2,1,BJ,,,,
P070,4,53,Female,"Hispanic, Latinx",Yes,IP,C3,5,9,1,1,1,BJ,,,,
P070,4,53,Female,"Hispanic, Latinx",Yes,IP,C3,5,10,3,3,1,BJ,,,,
P070,4,53,Female,"Hispanic, Latinx",Yes,IP,C3,5,11,2,2,1,BJ,,,,
P070,4,53,Female,"Hispanic, Latinx",Yes,IP,C3,5,12,4,4,1,BJ,,,,
P071,5,64,Female,Asian,Yes,IP,C2,5,1,2,3,0,KR,,,,
P071,5,64,Female,Asian,Yes,IP,C2,5,2,4,4,1,KR,,,,
P071,5,64,Female,Asian,Yes,IP,C2,5,3,1,2,0,KR,,,,
P071,5,64,Female,Asian,Yes,IP,C2,5,4,3,3,1,KR,,,,
P071,5,64,Female,Asian,Yes,IP,C2,5,5,2,1,0,KR,,,,
P071,5,64,Female,Asian,Yes,IP,C2,5,6,4,4,1,KR,,,,
P071,5,64,Female,Asian,Yes,IP,C2,5,7,2,2,1,KR,,,,
P071,5,64,Female,Asian,Yes,IP,C2,5,8,3,1,0,KR,,,,
P071,5,64,Female,Asian,Yes,IP,C2,5,9,2,2,1,KR,,,,
P071,5,64,Female,Asian,Yes,IP,C2,5,10,4,4,1,KR,,,,
P071,5,64,Female,Asian,Yes,IP,C2,5,11,2,1,0,KR,,,,
P071,5,64,Female,Asian,Yes,IP,C2,5,12,3,3,1,KR,,,,
P072,5,61,Male,"Asian, Hispanic/Latinx, White, Native American",No,IP,C3,5,1,1,4,0,KR,I messed up and forgot to properly introduce background noise,,,
P072,5,61,Male,"Asian, Hispanic/Latinx, White, Native American",No,IP,C3,5,2,3,3,1,KR,,,,
P072,5,61,Male,"Asian, Hispanic/Latinx, White, Native American",No,IP,C3,5,3,4,1,0,KR,,,,
P072,5,61,Male,"Asian, Hispanic/Latinx, White, Native American",No,IP,C3,5,4,3,4,0,KR,,,,
P072,5,61,Male,"Asian, Hispanic/Latinx, White, Native American",No,IP,C3,5,5,2,2,1,KR,,,,
P072,5,61,Male,"Asian, Hispanic/Latinx, White, Native American",No,IP,C3,5,6,4,4,1,KR,,,,
P072,5,61,Male,"Asian, Hispanic/Latinx, White, Native American",No,IP,C3,5,7,1,1,1,KR,,,,
P072,5,61,Male,"Asian, Hispanic/Latinx, White, Native American",No,IP,C3,5,8,2,2,1,KR,,,,
P072,5,61,Male,"Asian, Hispanic/Latinx, White, Native American",No,IP,C3,5,9,3,1,0,KR,,,,
P072,5,61,Male,"Asian, Hispanic/Latinx, White, Native American",No,IP,C3,5,10,4,4,1,KR,,,,
P072,5,61,Male,"Asian, Hispanic/Latinx, White, Native American",No,IP,C3,5,11,2,2,1,KR,,,,
P072,5,61,Male,"Asian, Hispanic/Latinx, White, Native American",No,IP,C3,5,12,4,4,1,KR,,,,
P073,5,68,Female,Asian,Yes,IP,C4,5,1,4,3,0,BJ,,,,
P073,5,68,Female,Asian,Yes,IP,C4,5,2,2,2,1,BJ,,,,
P073,5,68,Female,Asian,Yes,IP,C4,5,3,1,1,1,BJ,,,,
P073,5,68,Female,Asian,Yes,IP,C4,5,4,4,4,1,BJ,,,,
P073,5,68,Female,Asian,Yes,IP,C4,5,5,3,3,1,BJ,,,,
P073,5,68,Female,Asian,Yes,IP,C4,5,6,1,1,1,BJ,,,,
P073,5,68,Female,Asian,Yes,IP,C4,5,7,2,2,1,BJ,,,,
P073,5,68,Female,Asian,Yes,IP,C4,5,8,4,4,1,BJ,,,,
P073,5,68,Female,Asian,Yes,IP,C4,5,9,1,1,1,BJ,,,,
P073,5,68,Female,Asian,Yes,IP,C4,5,10,2,2,1,BJ,,,,
P073,5,68,Female,Asian,Yes,IP,C4,5,11,3,3,1,BJ,,,,
P073,5,68,Female,Asian,Yes,IP,C4,5,12,4,4,1,BJ,,,,
P074,4,50,Female,White,No,CO,C1,5,1,0,3,0,BJ,"Child opted out in middle of learning period, said it was noisy and did not want to continue",,,
P074,4,50,Female,White,No,CO,C1,5,2,0,1,0,BJ,,,,
P074,4,50,Female,White,No,CO,C1,5,3,0,3,0,BJ,,,,
P074,4,50,Female,White,No,CO,C1,5,4,0,2,0,BJ,,,,
P074,4,50,Female,White,No,CO,C1,5,5,0,4,0,BJ,,,,
P074,4,50,Female,White,No,CO,C1,5,6,0,1,0,BJ,,,,
P074,4,50,Female,White,No,CO,C1,5,7,0,2,0,BJ,,,,
P074,4,50,Female,White,No,CO,C1,5,8,0,4,0,BJ,,,,
P074,4,50,Female,White,No,CO,C1,5,9,0,2,0,BJ,,,,
P074,4,50,Female,White,No,CO,C1,5,10,0,4,0,BJ,,,,
P074,4,50,Female,White,No,CO,C1,5,11,0,3,0,BJ,,,,
P074,4,50,Female,White,No,CO,C1,5,12,0,1,0,BJ,,,,
P075,5,70,Male,Asian,Yes,CO,C2,5,1,3,3,1,KR,,,,
P075,5,70,Male,Asian,Yes,CO,C2,5,2,4,4,1,KR,,,,
P075,5,70,Male,Asian,Yes,CO,C2,5,3,2,2,1,KR,,,,
P075,5,70,Male,Asian,Yes,CO,C2,5,4,3,3,1,KR,,,,
P075,5,70,Male,Asian,Yes,CO,C2,5,5,1,1,1,KR,,,,
P075,5,70,Male,Asian,Yes,CO,C2,5,6,4,4,1,KR,,,,
P075,5,70,Male,Asian,Yes,CO,C2,5,7,2,2,1,KR,,,,
P075,5,70,Male,Asian,Yes,CO,C2,5,8,1,1,1,KR,,,,
P075,5,70,Male,Asian,Yes,CO,C2,5,9,2,2,1,KR,,,,
P075,5,70,Male,Asian,Yes,CO,C2,5,10,4,4,1,KR,,,,
P075,5,70,Male,Asian,Yes,CO,C2,5,11,1,1,1,KR,,,,
P075,5,70,Male,Asian,Yes,CO,C2,5,12,3,3,1,KR,,,,
P076,4,56,Male,Male,Yes,CO,C3,5,1,1,4,0,BJ,,,,
P076,4,56,Male,Male,Yes,CO,C3,5,2,3,3,1,BJ,,,,
P076,4,56,Male,Male,Yes,CO,C3,5,3,4,1,0,BJ,,,,
P076,4,56,Male,Male,Yes,CO,C3,5,4,3,3,1,BJ,,,,
P076,4,56,Male,Male,Yes,CO,C3,5,5,2,2,1,BJ,,,,
P076,4,56,Male,Male,Yes,CO,C3,5,6,4,4,1,BJ,,,,
P076,4,56,Male,Male,Yes,CO,C3,5,7,1,1,1,BJ,,,,
P076,4,56,Male,Male,Yes,CO,C3,5,8,2,2,1,BJ,,,,
P076,4,56,Male,Male,Yes,CO,C3,5,9,1,1,1,BJ,,,,
P076,4,56,Male,Male,Yes,CO,C3,5,10,3,3,1,BJ,,,,
P076,4,56,Male,Male,Yes,CO,C3,5,11,1,2,0,BJ,,,,
P076,4,56,Male,Male,Yes,CO,C3,5,12,4,4,1,BJ,,,,
P077,5,69,Female,White,Yes,CO,C4,5,1,3,3,1,KR,,,,
P077,5,69,Female,White,Yes,CO,C4,5,2,2,2,1,KR,,,,
P077,5,69,Female,White,Yes,CO,C4,5,3,1,1,1,KR,,,,
P077,5,69,Female,White,Yes,CO,C4,5,4,4,4,1,KR,,,,
P077,5,69,Female,White,Yes,CO,C4,5,5,3,3,1,KR,,,,
P077,5,69,Female,White,Yes,CO,C4,5,6,1,1,1,KR,,,,
P077,5,69,Female,White,Yes,CO,C4,5,7,2,2,1,KR,,,,
P077,5,69,Female,White,Yes,CO,C4,5,8,4,4,1,KR,,,,
P077,5,69,Female,White,Yes,CO,C4,5,9,1,1,1,KR,,,,
P077,5,69,Female,White,Yes,CO,C4,5,10,2,2,1,KR,,,,
P077,5,69,Female,White,Yes,CO,C4,5,11,3,3,1,KR,,,,
P077,5,69,Female,White,Yes,CO,C4,5,12,4,4,1,KR,,,,
P078,3,39,Female,Hispanic/Latinx,No,IP,C1,5,1,3,3,1,BJ,,,,
P078,3,39,Female,Hispanic/Latinx,No,IP,C1,5,2,1,1,1,BJ,,,,
P078,3,39,Female,Hispanic/Latinx,No,IP,C1,5,3,3,3,1,BJ,,,,
P078,3,39,Female,Hispanic/Latinx,No,IP,C1,5,4,4,2,0,BJ,,,,
P078,3,39,Female,Hispanic/Latinx,No,IP,C1,5,5,2,4,0,BJ,,,,
P078,3,39,Female,Hispanic/Latinx,No,IP,C1,5,6,1,1,1,BJ,,,,
P078,3,39,Female,Hispanic/Latinx,No,IP,C1,5,7,2,2,1,BJ,,,,
P078,3,39,Female,Hispanic/Latinx,No,IP,C1,5,8,0,4,0,BJ,"Completed study, but one of the coordinators came in in the middle and then I could only see thier/my screen in recording",,,
P078,3,39,Female,Hispanic/Latinx,No,IP,C1,5,9,0,2,0,BJ,,,,
P078,3,39,Female,Hispanic/Latinx,No,IP,C1,5,10,0,4,0,BJ,,,,
P078,3,39,Female,Hispanic/Latinx,No,IP,C1,5,11,0,3,0,BJ,,,,
P078,3,39,Female,Hispanic/Latinx,No,IP,C1,5,12,0,1,0,BJ,,,,
P079,5,69,Female,White,Yes,IP,C2,5,1,3,3,1,BJ,,,,
P079,5,69,Female,White,Yes,IP,C2,5,2,4,4,1,BJ,,,,
P079,5,69,Female,White,Yes,IP,C2,5,3,2,2,1,BJ,,,,
P079,5,69,Female,White,Yes,IP,C2,5,4,3,3,1,BJ,,,,
P079,5,69,Female,White,Yes,IP,C2,5,5,1,1,1,BJ,,,,
P079,5,69,Female,White,Yes,IP,C2,5,6,4,4,1,BJ,,,,
P079,5,69,Female,White,Yes,IP,C2,5,7,2,2,1,BJ,,,,
P079,5,69,Female,White,Yes,IP,C2,5,8,1,1,1,BJ,,,,
P079,5,69,Female,White,Yes,IP,C2,5,9,2,2,1,BJ,,,,
P079,5,69,Female,White,Yes,IP,C2,5,10,4,4,1,BJ,,,,
P079,5,69,Female,White,Yes,IP,C2,5,11,1,1,1,BJ,,,,
P079,5,69,Female,White,Yes,IP,C2,5,12,3,3,1,BJ,,,,
P080,4,57,Male,Asian,Yes,IP,C3,5,1,4,4,1,BJ,,,,
P080,4,57,Male,Asian,Yes,IP,C3,5,2,3,3,1,BJ,,,,
P080,4,57,Male,Asian,Yes,IP,C3,5,3,1,1,1,BJ,,,,
P080,4,57,Male,Asian,Yes,IP,C3,5,4,3,3,1,BJ,,,,
P080,4,57,Male,Asian,Yes,IP,C3,5,5,2,2,1,BJ,,,,
P080,4,57,Male,Asian,Yes,IP,C3,5,6,4,4,1,BJ,,,,
P080,4,57,Male,Asian,Yes,IP,C3,5,7,1,1,1,BJ,,,,
P080,4,57,Male,Asian,Yes,IP,C3,5,8,2,2,1,BJ,,,,
P080,4,57,Male,Asian,Yes,IP,C3,5,9,1,1,1,BJ,,,,
P080,4,57,Male,Asian,Yes,IP,C3,5,10,3,3,1,BJ,,,,
P080,4,57,Male,Asian,Yes,IP,C3,5,11,2,2,1,BJ,,,,
P080,4,57,Male,Asian,Yes,IP,C3,5,12,4,4,1,BJ,,,,
P081,4,52,Male,"Asian, White",Yes,CO,C3,5,1,1,4,0,KR,wating for consent email from Jessa,,,
P081,4,52,Male,"Asian, White",Yes,CO,C3,5,2,3,3,1,KR,,,,
P081,4,52,Male,"Asian, White",Yes,CO,C3,5,3,4,1,0,KR,,,,
P081,4,52,Male,"Asian, White",Yes,CO,C3,5,4,3,3,1,KR,,,,
P081,4,52,Male,"Asian, White",Yes,CO,C3,5,5,2,2,1,KR,,,,
P081,4,52,Male,"Asian, White",Yes,CO,C3,5,6,4,4,1,KR,,,,
P081,4,52,Male,"Asian, White",Yes,CO,C3,5,7,3,1,0,KR,,,,
P081,4,52,Male,"Asian, White",Yes,CO,C3,5,8,2,2,1,KR,,,,
P081,4,52,Male,"Asian, White",Yes,CO,C3,5,9,3,1,0,KR,,,,
P081,4,52,Male,"Asian, White",Yes,CO,C3,5,10,3,3,1,KR,,,,
P081,4,52,Male,"Asian, White",Yes,CO,C3,5,11,2,2,1,KR,,,,
P081,4,52,Male,"Asian, White",Yes,CO,C3,5,12,,4,0,KR,,,,
P082,3,40,Male,Asian,Yes,IP,C4,5,1,3,3,1,BJ,,,,
P082,3,40,Male,Asian,Yes,IP,C4,5,2,2,2,1,BJ,,,,
P082,3,40,Male,Asian,Yes,IP,C4,5,3,1,1,1,BJ,,,,
P082,3,40,Male,Asian,Yes,IP,C4,5,4,4,4,1,BJ,,,,
P082,3,40,Male,Asian,Yes,IP,C4,5,5,2,3,0,BJ,"Pointed toward side of green, said orange for color",,,
P082,3,40,Male,Asian,Yes,IP,C4,5,6,1,1,1,BJ,,,,
P082,3,40,Male,Asian,Yes,IP,C4,5,7,2,2,1,BJ,,,,
P082,3,40,Male,Asian,Yes,IP,C4,5,8,4,4,1,BJ,,,,
P082,3,40,Male,Asian,Yes,IP,C4,5,9,1,1,1,BJ,,,,
P082,3,40,Male,Asian,Yes,IP,C4,5,10,2,2,1,BJ,,,,
P082,3,40,Male,Asian,Yes,IP,C4,5,11,3,3,1,BJ,,,,
P082,3,40,Male,Asian,Yes,IP,C4,5,12,4,4,1,BJ,,,,
P083,5,60,Female,Asian,Yes,CO,C1,5,1,3,3,1,BJ,,,,
P083,5,60,Female,Asian,Yes,CO,C1,5,2,1,1,1,BJ,,,,
P083,5,60,Female,Asian,Yes,CO,C1,5,3,3,3,1,BJ,,,,
P083,5,60,Female,Asian,Yes,CO,C1,5,4,2,2,1,BJ,,,,
P083,5,60,Female,Asian,Yes,CO,C1,5,5,4,4,1,BJ,,,,
P083,5,60,Female,Asian,Yes,CO,C1,5,6,1,1,1,BJ,,,,
P083,5,60,Female,Asian,Yes,CO,C1,5,7,2,2,1,BJ,,,,
P083,5,60,Female,Asian,Yes,CO,C1,5,8,4,4,1,BJ,,,,
P083,5,60,Female,Asian,Yes,CO,C1,5,9,2,2,1,BJ,,,,
P083,5,60,Female,Asian,Yes,CO,C1,5,10,4,4,1,BJ,,,,
P083,5,60,Female,Asian,Yes,CO,C1,5,11,3,3,1,BJ,,,,
P083,5,60,Female,Asian,Yes,CO,C1,5,12,1,1,1,BJ,,,,
P084,3,45,Female,Asian,Yes,CO,C2,5,1,3,3,1,BJ,,,,
P084,3,45,Female,Asian,Yes,CO,C2,5,2,4,4,1,BJ,,,,
P084,3,45,Female,Asian,Yes,CO,C2,5,3,2,2,1,BJ,,,,
P084,3,45,Female,Asian,Yes,CO,C2,5,4,3,3,1,BJ,,,,
P084,3,45,Female,Asian,Yes,CO,C2,5,5,1,1,1,BJ,,,,
P084,3,45,Female,Asian,Yes,CO,C2,5,6,4,4,1,BJ,,,,
P084,3,45,Female,Asian,Yes,CO,C2,5,7,2,2,1,BJ,,,,
P084,3,45,Female,Asian,Yes,CO,C2,5,8,1,1,1,BJ,,,,
P084,3,45,Female,Asian,Yes,CO,C2,5,9,2,2,1,BJ,,,,
P084,3,45,Female,Asian,Yes,CO,C2,5,10,4,4,1,BJ,,,,
P084,3,45,Female,Asian,Yes,CO,C2,5,11,1,1,1,BJ,,,,
P084,3,45,Female,Asian,Yes,CO,C2,5,12,3,3,1,BJ,,,,
P085,4,52,Female,Asian,No,CO,C3,5,1,0,4,0,BJ,Opt out before second testing period. Too loud -- had headphones on. Asked them to turn in down but still a little much.,,,
P085,4,52,Female,Asian,No,CO,C3,5,2,0,3,0,BJ,,,,
P085,4,52,Female,Asian,No,CO,C3,5,3,0,1,0,BJ,,,,
P085,4,52,Female,Asian,No,CO,C3,5,4,0,3,0,BJ,,,,
P085,4,52,Female,Asian,No,CO,C3,5,5,0,2,0,BJ,,,,
P085,4,52,Female,Asian,No,CO,C3,5,6,0,4,0,BJ,,,,
P085,4,52,Female,Asian,No,CO,C3,5,7,0,1,0,BJ,,,,
P085,4,52,Female,Asian,No,CO,C3,5,8,0,2,0,BJ,,,,
P085,4,52,Female,Asian,No,CO,C3,5,9,0,1,0,BJ,,,,
P085,4,52,Female,Asian,No,CO,C3,5,10,0,3,0,BJ,,,,
P085,4,52,Female,Asian,No,CO,C3,5,11,0,2,0,BJ,,,,
P085,4,52,Female,Asian,No,CO,C3,5,12,0,4,0,BJ,,,,
P086,3,44,Male,Hispanic/Latinx,No,CO,C4,5,1,4,3,0,BJ,,,,
P086,3,44,Male,Hispanic/Latinx,No,CO,C4,5,2,1,2,0,BJ,,,,
P086,3,44,Male,Hispanic/Latinx,No,CO,C4,5,3,3,1,0,BJ,,,,
P086,3,44,Male,Hispanic/Latinx,No,CO,C4,5,4,4,4,1,BJ,,,,
P086,3,44,Male,Hispanic/Latinx,No,CO,C4,5,5,3,3,1,BJ,,,,
P086,3,44,Male,Hispanic/Latinx,No,CO,C4,5,6,4,1,0,BJ,,,,
P086,3,44,Male,Hispanic/Latinx,No,CO,C4,5,7,2,2,1,BJ,,,,
P086,3,44,Male,Hispanic/Latinx,No,CO,C4,5,8,3,4,0,BJ,,,,
P086,3,44,Male,Hispanic/Latinx,No,CO,C4,5,9,1,1,1,BJ,,,,
P086,3,44,Male,Hispanic/Latinx,No,CO,C4,5,10,2,2,1,BJ,,,,
P086,3,44,Male,Hispanic/Latinx,No,CO,C4,5,11,3,3,1,BJ,,,,
P086,3,44,Male,Hispanic/Latinx,No,CO,C4,5,12,4,4,1,BJ,,,,
P087,3,41,Male,White,Yes,IP,C1,5,1,3,3,1,KR,,,,
P087,3,41,Male,White,Yes,IP,C1,5,2,1,1,1,KR,,,,
P087,3,41,Male,White,Yes,IP,C1,5,3,3,3,1,KR,,,,
P087,3,41,Male,White,Yes,IP,C1,5,4,2,2,1,KR,,,,
P087,3,41,Male,White,Yes,IP,C1,5,5,2,4,0,KR,,,,
P087,3,41,Male,White,Yes,IP,C1,5,6,3,1,0,KR,,,,
P087,3,41,Male,White,Yes,IP,C1,5,7,3,2,0,KR,,,,
P087,3,41,Male,White,Yes,IP,C1,5,8,1,4,0,KR,,,,
P087,3,41,Male,White,Yes,IP,C1,5,9,2,2,1,KR,,,,
P087,3,41,Male,White,Yes,IP,C1,5,10,2,4,0,KR,,,,
P087,3,41,Male,White,Yes,IP,C1,5,11,2,3,0,KR,,,,
P087,3,41,Male,White,Yes,IP,C1,5,12,4,1,0,KR,,,,
P088,4,58,Female,Asian,Yes,IP,C2,5,1,3,3,1,BJ,,,,
P088,4,58,Female,Asian,Yes,IP,C2,5,2,4,4,1,BJ,,,,
P088,4,58,Female,Asian,Yes,IP,C2,5,3,1,2,0,BJ,,,,
P088,4,58,Female,Asian,Yes,IP,C2,5,4,3,3,1,BJ,,,,
P088,4,58,Female,Asian,Yes,IP,C2,5,5,1,1,1,BJ,,,,
P088,4,58,Female,Asian,Yes,IP,C2,5,6,4,4,1,BJ,,,,
P088,4,58,Female,Asian,Yes,IP,C2,5,7,2,2,1,BJ,,,,
P088,4,58,Female,Asian,Yes,IP,C2,5,8,1,1,1,BJ,,,,
P088,4,58,Female,Asian,Yes,IP,C2,5,9,2,2,1,BJ,,,,
P088,4,58,Female,Asian,Yes,IP,C2,5,10,4,4,1,BJ,,,,
P088,4,58,Female,Asian,Yes,IP,C2,5,11,2,1,0,BJ,,,,
P088,4,58,Female,Asian,Yes,IP,C2,5,12,3,3,1,BJ,,,,
P089,5,58,Male,Asian,Yes,IP,C3,5,1,4,4,1,BJ,,,,
P089,5,69,Male,Asian,Yes,IP,C3,5,2,3,3,1,BJ,,,,
P089,5,69,Male,Asian,Yes,IP,C3,5,3,1,1,1,BJ,,,,
P089,5,69,Male,Asian,Yes,IP,C3,5,4,3,3,1,BJ,,,,
P089,5,69,Male,Asian,Yes,IP,C3,5,5,2,2,1,BJ,,,,
P089,5,69,Male,Asian,Yes,IP,C3,5,6,4,4,1,BJ,,,,
P089,5,69,Male,Asian,Yes,IP,C3,5,7,3,1,0,BJ,,,,
P089,5,69,Male,Asian,Yes,IP,C3,5,8,2,2,1,BJ,,,,
P089,5,69,Male,Asian,Yes,IP,C3,5,9,1,1,1,BJ,,,,
P089,5,69,Male,Asian,Yes,IP,C3,5,10,3,3,1,BJ,,,,
P089,5,69,Male,Asian,Yes,IP,C3,5,11,2,2,1,BJ,,,,
P089,5,69,Male,Asian,Yes,IP,C3,5,12,4,4,1,BJ,,,,
P090,4,51,Male,"Hispanic/Latinx, White",Yes,IP,C4,5,1,3,3,1,BJ,,,,
P090,4,51,Male,"Hispanic/Latinx, White",Yes,IP,C4,5,2,2,2,1,BJ,,,,
P090,4,51,Male,"Hispanic/Latinx, White",Yes,IP,C4,5,3,1,1,1,BJ,,,,
P090,4,51,Male,"Hispanic/Latinx, White",Yes,IP,C4,5,4,4,4,1,BJ,,,,
P090,4,51,Male,"Hispanic/Latinx, White",Yes,IP,C4,5,5,3,3,1,BJ,,,,
P090,4,51,Male,"Hispanic/Latinx, White",Yes,IP,C4,5,6,1,1,1,BJ,,,,
P090,4,51,Male,"Hispanic/Latinx, White",Yes,IP,C4,5,7,2,2,1,BJ,,,,
P090,4,51,Male,"Hispanic/Latinx, White",Yes,IP,C4,5,8,4,4,1,BJ,,,,
P090,4,51,Male,"Hispanic/Latinx, White",Yes,IP,C4,5,9,1,1,1,BJ,,,,
P090,4,51,Male,"Hispanic/Latinx, White",Yes,IP,C4,5,10,2,2,1,BJ,,,,
P090,4,51,Male,"Hispanic/Latinx, White",Yes,IP,C4,5,11,3,3,1,BJ,,,,
P090,4,51,Male,"Hispanic/Latinx, White",Yes,IP,C4,5,12,4,4,1,BJ,,,,
P091,3,36,Female,Hispanic/Asian/White,Yes,CO,C1,5,1,3,3,1,BJ,,,,
P091,3,36,Female,Hispanic/Asian/White,Yes,CO,C1,5,2,1,1,1,BJ,,,,
P091,3,36,Female,Hispanic/Asian/White,Yes,CO,C1,5,3,3,3,1,BJ,,,,
P091,3,36,Female,Hispanic/Asian/White,Yes,CO,C1,5,4,4,2,0,BJ,,,,
P091,3,36,Female,Hispanic/Asian/White,Yes,CO,C1,5,5,2,4,0,BJ,,,,
P091,3,36,Female,Hispanic/Asian/White,Yes,CO,C1,5,6,1,1,1,BJ,,,,
P091,3,36,Female,Hispanic/Asian/White,Yes,CO,C1,5,7,2,2,1,BJ,,,,
P091,3,36,Female,Hispanic/Asian/White,Yes,CO,C1,5,8,4,4,1,BJ,,,,
P091,3,36,Female,Hispanic/Asian/White,Yes,CO,C1,5,9,1,2,0,BJ,,,,
P091,3,36,Female,Hispanic/Asian/White,Yes,CO,C1,5,10,2,4,0,BJ,,,,
P091,3,36,Female,Hispanic/Asian/White,Yes,CO,C1,5,11,3,3,1,BJ,,,,
P091,3,36,Female,Hispanic/Asian/White,Yes,CO,C1,5,12,4,1,0,BJ,,,,
P092,4,54,Female,White,Yes,CO,C2,5,1,3,3,1,BJ,,,,
P092,4,54,Female,White,Yes,CO,C2,5,2,4,4,1,BJ,,,,
P092,4,54,Female,White,Yes,CO,C2,5,3,1,2,0,BJ,,,,
P092,4,54,Female,White,Yes,CO,C2,5,4,3,3,1,BJ,,,,
P092,4,54,Female,White,Yes,CO,C2,5,5,2,1,0,BJ,,,,
P092,4,54,Female,White,Yes,CO,C2,5,6,4,4,1,BJ,,,,
P092,4,54,Female,White,Yes,CO,C2,5,7,4,2,0,BJ,,,,
P092,4,54,Female,White,Yes,CO,C2,5,8,3,1,0,BJ,,,,
P092,4,54,Female,White,Yes,CO,C2,5,9,2,2,1,BJ,,,,
P092,4,54,Female,White,Yes,CO,C2,5,10,4,4,1,BJ,,,,
P092,4,54,Female,White,Yes,CO,C2,5,11,1,1,1,BJ,,,,
P092,4,54,Female,White,Yes,CO,C2,5,12,3,3,1,BJ,,,,